,Model,Dataset,Testing FPR (%),Accuracy (%),Accuracy Adj (%),FileType,Detect Count
0,LightGBM,Malware,0.84,0.0,49.580000000000005,All,0/124
1,Decision Tree,Malware,7.95,48.38709677419355,70.21854838709677,All,60/124
2,Random Forest,Malware,4.09,58.87096774193549,77.39048387096774,All,73/124
3,RF DLL Weight,Malware,3.51,50.0,73.245,All,62/124
4,Extremely RF,Malware,3.51,55.64516129032258,76.06758064516129,All,69/124
5,ET DLL Weight,Malware,3.63,53.2258064516129,74.79790322580646,All,66/124
6,Gradient Boost,Malware,12.04,66.12903225806451,77.04451612903226,All,82/124
7,AdaBoost,Malware,4.09,52.41935483870967,74.16467741935485,All,65/124
8,LightGBM,Malware,0.84,0.0,49.58,EXE,0/88
9,Decision Tree,Malware,7.95,50.0,71.025,EXE,44/88
10,Random Forest,Malware,4.09,54.54545454545454,75.22772727272728,EXE,48/88
11,RF DLL Weight,Malware,3.51,44.31818181818182,70.40409090909091,EXE,39/88
12,Extremely RF,Malware,3.51,52.27272727272727,74.38136363636364,EXE,46/88
13,ET DLL Weight,Malware,3.63,47.72727272727273,72.04863636363636,EXE,42/88
14,Gradient Boost,Malware,12.04,55.68181818181818,71.8209090909091,EXE,49/88
15,AdaBoost,Malware,4.09,45.45454545454545,70.68227272727272,EXE,40/88
16,LightGBM,Malware,0.38999999999999996,0.0,49.805,DLL,0/36
17,Decision Tree,Malware,5.029999999999999,44.44444444444444,69.70722222222221,DLL,16/36
18,Random Forest,Malware,2.06,69.44444444444444,83.69222222222223,DLL,25/36
19,RF DLL Weight,Malware,1.97,63.888888888888886,80.95944444444444,DLL,23/36
20,Extremely RF,Malware,1.7399999999999998,63.888888888888886,81.07444444444445,DLL,23/36
21,ET DLL Weight,Malware,1.73,66.66666666666666,82.46833333333333,DLL,24/36
22,Gradient Boost,Malware,7.739999999999999,91.66666666666666,91.96333333333332,DLL,33/36
23,AdaBoost,Malware,2.0500000000000003,69.44444444444444,83.69722222222222,DLL,25/36
